X,Y,Id,ORIG_FID,Lat
248973.88477483671,1456432.8470230382,0,0,
248823.97695467528,1456263.4926886149,0,1,
248805.40669595636,1456331.3981244527,0,2,
248741.9619413577,1456338.8118940648,0,3,
248748.93055901211,1456284.1373002511,0,4,
248798.04403250571,1456218.6431959979,0,5,
248804.51369748078,1456239.9614338595,0,6,
248703.11493385956,1456186.0012868028,0,7,
248442.19919870887,1456181.0152716059,0,8,
248451.46361101419,1456180.8145816177,0,9,
248461.24931780435,1456180.4785030615,0,10,
248423.3521224279,1456181.394256616,0,11,
248453.97318058927,1456052.8574632071,0,12,
248554.98185591586,1456069.6992331259,0,13,
248597.51435929816,1456022.1236648951,0,14,
248603.30698654056,1456032.1492167022,0,15,
248642.74793754797,1456051.5047021788,0,16,
248649.56680094358,1456065.1969930939,0,17,
248637.15462621953,1456079.8235361408,0,18,
248653.97876913287,1456099.2152016293,0,19,
248647.47441366594,1456097.9339201041,0,20,
248665.19153254107,1456131.2169291042,0,21,
248663.67821605224,1456147.7286853492,0,22,
248669.44978750218,1456170.7059920393,0,23,
248786.21905723866,1456116.0884033609,0,24,
248807.1716376245,1456123.5197972488,0,25,
248798.25366900396,1456122.5512206685,0,26,
248811.20769714285,1456166.158887729,0,27,
248808.69349840842,1456158.3926293775,0,28,
248814.76822255831,1456176.6813763138,0,29,
248870.12172240019,1456146.7868154831,0,30,
248890.83177478239,1456153.7712757885,0,31,
248932.31434560474,1455960.5309243891,0,32,
248218.92758179642,1456005.686830543,0,33,
248836.15134077985,1455842.552980097,0,34,
248031.81639877707,1455362.0091544259,0,35,
248819.66811059602,1455159.0079123359,0,36,
248662.04355511907,1455233.6881494485,0,37,
248432.68394529819,1455020.5751532353,0,38,
248427.45526297111,1455040.2156462558,0,39,
250158.00404959172,1456149.0799994022,0,40,
249218.69077638723,1455960.0206476711,0,41,
249213.89064106718,1455948.9407017175,0,42,
249206.56658597756,1455954.0820840672,0,43,
249099.62621596362,1455876.6817644909,0,44,
249092.7970256852,1455873.1514317803,0,45,
249102.73702881392,1455846.989123499,0,46,
249105.89094335306,1455838.0901130401,0,47,
248985.31853894889,1455967.7947589979,0,48,
249002.93781910557,1455962.0142486412,0,49,
249011.7912113769,1455963.3269332442,0,50,
249010.61840273254,1455952.5940699745,0,51,
249027.57918439433,1455956.0060327537,0,52,
249042.8723816257,1455955.8974530697,0,53,
249050.17414367851,1455866.9773704708,0,54,
249048.95118044131,1455884.9062418882,0,55,
249017.97833203804,1455910.6800173912,0,56,
249011.95904916432,1455916.6000813153,0,57,
249102.66475080326,1455861.0244544167,0,58,
249711.74527793936,1455815.962998895,0,59,
249711.99878095556,1455824.4627768695,0,60,
249688.66549198702,1455901.045951942,0,61,
249776.48381008301,1455784.6639787666,0,62,
249807.37310527265,1455798.7489167973,0,63,
249796.961416048,1455804.0670326184,0,64,
249810.65868029185,1455775.9743900057,0,65,
249847.02541369572,1455803.2695293799,0,66,
249857.30151145253,1455786.0822646283,0,67,
249888.98782186583,1455793.3644304201,0,68,
249867.97249571141,1455837.9356155694,0,69,
249927.83248263597,1455757.8533408474,0,70,
249823.93564764224,1455689.8484751657,0,71,
249823.40816632658,1455701.7683221865,0,72,
249817.77867436502,1455667.8864804413,0,73,
249808.94419194665,1455663.3822884038,0,74,
249771.10804945696,1455659.1668734513,0,75,
249764.71160328109,1455647.3169889301,0,76,
249798.62167092506,1455637.9427916389,0,77,
249797.97508647665,1455626.1820299942,0,78,
249790.38835572079,1455619.9286527,0,79,
249780.59721838683,1455620.1892055068,0,80,
249775.99345918,1455613.786276035,0,81,
249725.87365619838,1455580.4425889812,0,82,
249719.80571215786,1455568.8886208795,0,83,
249724.92877371423,1455556.8663496953,0,84,
249966.42329735029,1455907.9588421825,0,85,
249986.0795534132,1455908.9820026644,0,86,
250002.10222341772,1455898.4715395179,0,87,
250013.33312135749,1455902.6503381375,0,88,
250028.44953692518,1455890.0840626154,0,89,
250008.97277930379,1455866.442698013,0,90,
250048.22258908581,1455838.9329364002,0,91,
250040.01965080667,1455912.1574190892,0,92,
250055.5395391034,1455920.8014525659,0,93,
250081.79948745575,1455919.941555012,0,94,
250089.10200206097,1455812.4411316775,0,95,
249284.60293452255,1455660.7042333893,0,96,
249290.01270828396,1455661.6303927582,0,97,
249183.66709849052,1455708.8241146691,0,98,
249195.77993169613,1455686.4054930154,0,99,
249155.06546540186,1455705.0014047641,0,100,
249142.94812538009,1455684.3362400513,0,101,
249149.27363484353,1455686.5129856355,0,102,
249143.48095562588,1455672.5592480451,0,103,
249158.30438629724,1455677.9739980306,0,104,
249158.36211974919,1455748.8616295196,0,105,
249136.83822253346,1455745.0913094766,0,106,
249148.85032989085,1455767.4221874736,0,107,
249166.04497063067,1455660.0151256807,0,108,
249156.04709888343,1455657.4777008165,0,109,
249174.3498539459,1455645.4372538757,0,110,
249159.20018913411,1455644.4866030607,0,111,
249172.48522984888,1455633.6015260182,0,112,
249201.0917911008,1455598.0633764751,0,113,
249204.91338086408,1455605.5769672561,0,114,
249192.71400443185,1455604.5855945162,0,115,
249189.02293844055,1455593.2503262423,0,116,
249131.22243005317,1455607.0479865167,0,117,
249114.3066124497,1455580.8552706297,0,118,
249101.46640900522,1455586.6123270933,0,119,
249097.59356540162,1455578.6403640229,0,120,
249068.20375902113,1455592.4103670456,0,121,
249070.72529415786,1455619.2041761,0,122,
249069.38436296489,1455630.3399688955,0,123,
249061.06140431296,1455617.6048826296,0,124,
249203.77219873667,1455544.2300969902,0,125,
249176.95844501909,1455526.6798051391,0,126,
249260.28081532009,1455592.701769568,0,127,
249253.74860861711,1455596.6300102733,0,128,
249282.46521118935,1455562.4494038541,0,129,
249272.88015177473,1455553.8040999901,0,130,
249265.95256489702,1455575.1516499817,0,131,
249297.34867981449,1455521.7858685385,0,132,
249277.46454545576,1455511.8937076684,0,133,
249266.90764934104,1455526.3002989795,0,134,
249291.25805802736,1455489.1870090663,0,135,
249285.66050435696,1455498.9404323716,0,136,
249300.75892409869,1455470.3547870368,0,137,
249311.47680097818,1455451.7670249119,0,138,
249338.34043196589,1455414.7553624697,0,139,
249315.45397213753,1455435.7153835148,0,140,
249321.30711407028,1455435.4754340015,0,141,
249332.25783772115,1455417.5655445568,0,142,
249327.58603223786,1455425.5623751115,0,143,
249047.13271760195,1455562.4292254038,0,144,
249028.23006294295,1455568.5069021508,0,145,
249026.09646167699,1455559.4417214207,0,146,
249010.4380886713,1455559.1489706058,0,147,
249042.35247612465,1455376.0804053023,0,148,
249060.38734062016,1455392.802442601,0,149,
249051.00240265299,1455387.7541919071,0,150,
249167.45057542529,1455497.0108654033,0,151,
249186.61394728627,1455489.5720256642,0,152,
249207.97168084327,1455504.9947387502,0,153,
249224.30303288065,1455515.5151992831,0,154,
249244.77520924062,1455529.7531183846,0,155,
249245.64406148531,1455422.5314411726,0,156,
249239.29479550291,1455411.5793820396,0,157,
249245.06035955902,1455435.4293141533,0,158,
249231.13106042519,1455468.7555137519,0,159,
249304.00358240027,1455383.3410754874,0,160,
249359.01602368336,1455418.988113109,0,161,
249344.69007146265,1455405.107368838,0,162,
249343.93388512265,1455394.4176043272,0,163,
249350.31129127648,1455385.9275745545,0,164,
249360.82147084922,1455370.5898295734,0,165,
249371.3915309431,1455355.130063761,0,166,
249382.37844104506,1455335.5093167052,0,167,
249386.74840128887,1455330.1257329565,0,168,
249380.65257601347,1455342.8963785376,0,169,
249383.47602756601,1455380.6026421059,0,170,
249391.87075534742,1455361.5111287236,0,171,
249407.88498490117,1455340.8685210086,0,172,
249398.71252607647,1455346.8330154717,0,173,
249404.21898945142,1455357.8448963705,0,174,
249397.10226892028,1455355.4556148984,0,175,
249389.11821303237,1455310.088634301,0,176,
249391.86984871235,1455292.234538177,0,177,
249413.39961322024,1455275.6771383528,0,178,
249413.72746046353,1455254.516024271,0,179,
249430.44627329148,1455256.3341392558,0,180,
249455.52882345859,1455245.1422418728,0,181,
249461.23067437205,1455261.7296323907,0,182,
249437.17927365843,1455225.9545104187,0,183,
249434.80639486108,1455212.9836608991,0,184,
249448.81611037999,1455209.6102166511,0,185,
249477.93693410233,1455203.2976609189,0,186,
249496.86617218982,1455215.8404676262,0,187,
249507.30568048637,1455218.351406008,0,188,
249513.56954577565,1455240.2995010708,0,189,
249501.86273041554,1455195.1670038011,0,190,
249483.40714310389,1455193.5102886185,0,191,
249492.88050941098,1455155.1256287433,0,192,
249497.84009490628,1455148.8820895292,0,193,
249492.2855414683,1455140.9877567124,0,194,
249535.63822193351,1455333.1957069803,0,195,
249543.04160657618,1455340.3437574878,0,196,
249574.80818722211,1455422.5876696464,0,197,
249584.65411079209,1455413.8353552595,0,198,
249591.14855823852,1455422.6628000382,0,199,
249583.05804193951,1455434.6400993392,0,200,
249592.3890769342,1455439.1435448155,0,201,
249602.45900308527,1455447.2632151116,0,202,
249617.97789782006,1455453.5736292489,0,203,
249640.37665705383,1455465.9368818197,0,204,
249647.06834313832,1455452.1952117234,0,205,
249619.56965918001,1455422.9767313842,0,206,
249612.84443496447,1455427.9478626903,0,207,
249672.87851336505,1455502.924314728,0,208,
249691.81720634829,1455493.2657031845,0,209,
249701.46679970808,1455497.7953565549,0,210,
249708.33275094256,1455501.8302604575,0,211,
249718.7308967365,1455497.3852515649,0,212,
249727.05205921363,1455500.6793206558,0,213,
249729.97809715476,1455507.2244283948,0,214,
249738.46174157318,1455514.5096618291,0,215,
249681.45826658141,1455479.9690636452,0,216,
249681.31156706437,1455486.5935152676,0,217,
249699.8716207277,1455415.6061136629,0,218,
249757.43127330299,1455542.2876873463,0,219,
249745.2168595707,1455536.6765887421,0,220,
249756.63914963603,1455522.0868009701,0,221,
249723.40741650667,1455523.8330544624,0,222,
249758.22492110636,1455560.9944008365,0,223,
249850.44781919383,1455537.8067338057,0,224,
249868.91531168856,1455544.2853870373,0,225,
249755.31623032503,1455441.2167433966,0,226,
249791.89404413942,1455298.9418288376,0,227,
249718.76372915786,1455344.2182904501,0,228,
249716.03974469099,1455285.2604046185,0,229,
249710.12530660816,1455227.6181912012,0,230,
249705.08498402871,1455194.3864580709,0,231,
249703.98960683867,1455167.2586746477,0,232,
249694.34346455988,1455145.3197385259,0,233,
249724.45249586832,1455127.8644873556,0,234,
249715.28051252849,1455133.4875236824,0,235,
249713.43672509305,1455118.6729188133,0,236,
249666.45427483972,1455102.7357365433,0,237,
249704.54996033851,1455087.8178748824,0,238,
249697.67923307139,1455061.274179602,0,239,
249709.1759099327,1455054.1054451913,0,240,
249697.14416085556,1455040.987349188,0,241,
249678.86606229376,1455064.329464633,0,242,
249660.40623323526,1455063.055070255,0,243,
249664.64995524194,1455047.1554604862,0,244,
249674.42109877337,1455037.66326827,0,245,
249644.45261229575,1455065.8305083103,0,246,
249658.40131872054,1455082.7867651265,0,247,
249647.87298210338,1455090.9920542538,0,248,
249677.37951246835,1455199.9692644104,0,249,
249524.56058218796,1455007.6726919226,0,250,
249528.39638787415,1454992.2506969459,0,251,
249530.85320327245,1454983.5726510268,0,252,
249454.50422245078,1455006.9717863649,0,253,
249479.27588657662,1455014.2076520082,0,254,
249475.0559460707,1455028.0874118246,0,255,
249468.26990198065,1455036.0408941992,0,256,
249479.22665551398,1455050.8139276374,0,257,
249439.35280845221,1455037.6258524545,0,258,
249402.18232460413,1455015.9456652235,0,259,
249523.5782201495,1455035.6029844526,0,260,
249524.42050811742,1455024.5500767305,0,261,
249520.74940702319,1455052.000652466,0,262,
249511.75842608325,1455064.4226541091,0,263,
249520.67466899566,1455065.0965396706,0,264,
249517.88969644252,1455078.2291814871,0,265,
249461.73397649266,1455091.1987516955,0,266,
249449.68879615143,1455101.2793968581,0,267,
249459.31303415168,1455108.9192558881,0,268,
249468.0546900183,1455138.700781079,0,269,
249437.83015440684,1455148.7140488029,0,270,
249377.51585921831,1455266.1289717127,0,271,
249365.63941193838,1455277.712006731,0,272,
249350.33296293672,1455254.6393881571,0,273,
249376.551201961,1455200.7100123856,0,274,
249126.67885920033,1455249.2884504534,0,275,
249141.17987058684,1455268.2717253342,0,276,
249120.67876313161,1455265.9497782793,0,277,
249131.13503145147,1455280.0408650246,0,278,
249111.8200828582,1455278.658298254,0,279,
249115.19391119294,1455290.818986671,0,280,
249162.72754487395,1455285.9339955933,0,281,
249119.26777397934,1455312.1116091162,0,282,
249080.17097378429,1455317.1136826929,0,283,
249068.39699190203,1455331.6796749383,0,284,
249056.54363486264,1455343.0693596005,0,285,
249084.77473299112,1455346.6941585205,0,286,
249079.06562944688,1455338.9179160725,0,287,
249072.13080173451,1455354.8875673208,0,288,
252792.07244098745,1455883.2574434523,0,289,
252428.13777270727,1455811.8513899352,0,290,
252346.78823432233,1455834.7084666472,0,291,
252334.71637952328,1455847.1984673757,0,292,
252334.59591246676,1455862.5667676833,0,293,
252323.47207354847,1455849.1291135605,0,294,
252291.99609002657,1455867.5890301391,0,295,
252316.74411446229,1455879.7153269909,0,296,
252306.58041823469,1455891.891475264,0,297,
252294.22958749067,1455894.1605572272,0,298,
252313.58111523371,1455912.3341797162,0,299,
252305.64162437525,1455969.3398031145,0,300,
252314.4417975992,1455982.3390778936,0,301,
252247.27574722935,1455879.7874260936,0,302,
252240.87084877305,1455831.1579405461,0,303,
252205.88887664955,1455872.0827660896,0,304,
253508.46233849693,1455663.6112593636,0,305,
253590.98016578425,1455246.4173527602,0,306,
253589.90449201223,1455236.7982340269,0,307,
253596.91322201863,1455210.6831602249,0,308,
253598.45790792815,1455199.0071947407,0,309,
253634.14365638327,1455225.0852416884,0,310,
253650.36264715437,1455262.8281296734,0,311,
253657.98266239185,1455263.502818523,0,312,
253668.84074670542,1455276.046986999,0,313,
253700.95889382809,1455255.8753631264,0,314,
253611.4578887485,1455118.8822414055,0,315,
253576.16456655413,1455013.4313889686,0,316,
253588.34190888796,1455015.8631574791,0,317,
253608.47902171873,1455018.6436829716,0,318,
253711.66672809515,1455043.7130039465,0,319,
248379.44200114347,1454931.0322490688,0,320,
248339.8867137013,1454935.0836894643,0,321,
248355.61291702837,1454919.3244131543,0,322,
248526.3984929733,1454718.7819721382,0,323,
248532.29229514208,1454724.7987383828,0,324,
248561.09162695706,1454681.512139814,0,325,
248494.6307296427,1454630.6615536772,0,326,
248502.57271615695,1454645.1493856367,0,327,
248479.19219489116,1454633.3665068932,0,328,
248517.88086185418,1454596.5975650623,0,329,
248540.98037109617,1454560.1815854907,0,330,
248551.65302265156,1454531.9438727666,0,331,
248569.16946764197,1454530.4670411889,0,332,
248605.02437981591,1454485.6304581109,0,333,
248611.07743509207,1454469.7552503571,0,334,
248605.44635339361,1454446.8765096106,0,335,
248621.53261820599,1454457.9187400136,0,336,
248631.3985988088,1454444.9023965988,0,337,
248640.58079332858,1454437.0814424269,0,338,
248647.3932455685,1454425.9310053401,0,339,
248635.757367393,1454423.2869557403,0,340,
248626.03416099586,1454386.7622976806,0,341,
248638.58688370511,1454397.0008442346,0,342,
248665.72174037062,1454395.8838263415,0,343,
248720.12370170373,1454310.9490400013,0,344,
248747.46733446326,1454258.7262157425,0,345,
248739.96719662752,1454219.5329527035,0,346,
248743.672470605,1454230.7789882235,0,347,
248760.74152107164,1454228.7720465586,0,348,
248744.93153420836,1454131.3440611511,0,349,
248718.24471220095,1454123.9921870586,0,350,
248769.05641723797,1454143.4419370014,0,351,
248778.91828683484,1454126.196863519,0,352,
248790.71247993689,1454151.4067939855,0,353,
248812.17023118585,1454161.2493136711,0,354,
248793.94652425498,1454110.5460125394,0,355,
248799.59876839817,1454091.7526469044,0,356,
248808.64663559664,1454075.7483770438,0,357,
248829.82988108601,1454094.4676853139,0,358,
248844.90370704234,1454104.8139061835,0,359,
248852.72852043062,1454093.6658978164,0,360,
248803.67329372652,1454033.4098441061,0,361,
248858.45176667161,1453861.579121219,0,362,
248857.74375259597,1453880.3582599778,0,363,
248882.70422483981,1453871.6993237659,0,364,
248893.91568059102,1453884.1081343647,0,365,
248887.77664820198,1453903.9117077477,0,366,
248904.13159534428,1453906.9790183101,0,367,
248924.00955810957,1453917.9336851276,0,368,
248905.97518593259,1453893.7520898432,0,369,
248922.31364983972,1453894.3660831638,0,370,
248928.75719921198,1453899.5785587225,0,371,
248939.25847897027,1453901.8629651722,0,372,
248931.63212192617,1453893.0176157318,0,373,
248927.8113752855,1453872.8831017446,0,374,
248913.95101287123,1453858.8392192684,0,375,
248916.97719079815,1453952.3861511536,0,376,
248899.61153973732,1453973.7709903345,0,377,
248891.20838023722,1453982.048441777,0,378,
248891.48408835009,1453956.3681219537,0,379,
248904.1219654344,1453963.8928855415,0,380,
248925.269289352,1453987.3989254665,0,381,
248919.96378553938,1453998.840722464,0,382,
248930.05473579373,1454003.1759141665,0,383,
248942.80569037888,1454014.7449616622,0,384,
248950.87770198844,1454019.9762959667,0,385,
248952.77164538112,1454037.9614490345,0,386,
248938.97907802649,1454031.2663746402,0,387,
248930.91501088906,1454039.745134348,0,388,
248920.68759927619,1454044.4126597047,0,389,
248931.28915182315,1454054.070517702,0,390,
248924.76587825082,1454014.1830195393,0,391,
248909.11219083238,1454016.4520792998,0,392,
248909.68272803817,1454006.7400819976,0,393,
248911.20731490944,1454030.531369118,0,394,
248904.84526892565,1454024.273276126,0,395,
248900.46678480599,1454042.0082577188,0,396,
248893.01535380539,1454055.1465915684,0,397,
248881.83714656066,1454024.4191077203,0,398,
248866.47474604379,1454031.314824637,0,399,
248860.7967827851,1454042.6769137122,0,400,
248864.70092752017,1454060.2319613155,0,401,
248860.09562648181,1454052.4717985727,0,402,
248835.25605513342,1454046.428075349,0,403,
248845.15515548177,1454076.3713101353,0,404,
248857.46456309408,1454080.0963718519,0,405,
248883.84463704005,1454072.9588099625,0,406,
248906.53164039366,1454078.0734077357,0,407,
248918.01726696268,1454080.4631735086,0,408,
248931.01126934029,1454090.5811007787,0,409,
248898.27286783699,1454109.2477759961,0,410,
248916.51211689692,1454137.7970260717,0,411,
248859.28287580144,1454132.3817481659,0,412,
248854.95116492268,1454146.3021389972,0,413,
248875.10679455753,1454138.9773055837,0,414,
248913.14072479308,1454159.4825549275,0,415,
248872.11699691229,1454153.1060838439,0,416,
248856.77113288734,1454162.3532898389,0,417,
248871.54740586132,1454172.1569877807,0,418,
248878.96971894894,1454176.0851923004,0,419,
248844.99892726168,1454171.1870080046,0,420,
248843.60243769549,1454181.1119889934,0,421,
248837.13133449852,1454179.1846814714,0,422,
248845.16808582842,1454190.7239536233,0,423,
248956.39026441611,1454150.5382974558,0,424,
248964.15681073908,1454142.8900954463,0,425,
248956.08011080045,1454164.7594500445,0,426,
248962.82030631509,1454172.95964895,0,427,
248969.89312936179,1454156.1439329479,0,428,
248985.63707816321,1454163.0912725758,0,429,
249007.20682913437,1454154.4407921061,0,430,
248997.84592545219,1454149.1068987623,0,431,
249020.27737837378,1454163.7517018411,0,432,
248988.65494624339,1454140.8992646933,0,433,
248980.43300000206,1454137.7959386371,0,434,
248973.51049453393,1454128.443466818,0,435,
248823.42695161421,1454220.6014271658,0,436,
248814.36689184513,1454235.8380282391,0,437,
248828.08595029451,1454267.8005908411,0,438,
248822.99400470592,1454275.4819027614,0,439,
248795.63792902138,1454283.7476732489,0,440,
248797.99886291102,1454274.8390489444,0,441,
248857.14816489071,1454289.0691161845,0,442,
248908.33445917256,1454308.7784103323,0,443,
248875.0406485917,1454312.1044487152,0,444,
248880.99389610253,1454317.6478776261,0,445,
248889.55870225001,1454323.9994756244,0,446,
248905.33550084848,1454322.2743909284,0,447,
248777.35959385615,1454334.1972012352,0,448,
248766.66048391536,1454351.9243200198,0,449,
248851.26117394958,1454368.3615924791,0,450,
248838.13532617595,1454392.5143608507,0,451,
248852.35109774768,1454397.9019052684,0,452,
248750.57869189139,1454382.9221596383,0,453,
248725.99725154694,1454416.6812203676,0,454,
249484.26292716805,1454991.8261566758,0,455,
249485.10264566261,1454976.5877014864,0,456,
249478.63542006537,1454964.4413625114,0,457,
249493.18201064039,1454951.9714137707,0,458,
249498.92779109254,1454912.6374127436,0,459,
249484.26224289369,1454901.3248106223,0,460,
249470.38243423309,1454921.1431848872,0,461,
249501.7273707157,1454886.4829412233,0,462,
249536.09303148184,1454950.7808457613,0,463,
249697.01341232844,1454870.1382731162,0,464,
249703.89445841033,1454857.7331060786,0,465,
249765.7798464587,1454848.6416552346,0,466,
249791.54944643658,1454854.6212047823,0,467,
249976.52954006288,1454805.5379470643,0,468,
249615.03900473658,1454624.2316928841,0,469,
249599.36543057673,1454672.6032686699,0,470,
249603.57614441495,1454665.5467611328,0,471,
249572.69868453406,1454554.489725152,0,472,
249549.79702108633,1454525.102065688,0,473,
249534.09609373752,1454788.7318461239,0,474,
249529.65041125845,1454770.7591726426,0,475,
249548.0097028641,1454675.3053313643,0,476,
249037.62743210047,1454366.8666936569,0,477,
249049.45102345478,1454325.9719504081,0,478,
249057.35546634812,1454331.1147992369,0,479,
249119.84654083941,1454308.8684606533,0,480,
249086.4976711655,1454249.9547037259,0,481,
249087.19486853573,1454236.4565011784,0,482,
249134.42543819547,1454223.763204325,0,483,
249141.80746990442,1454233.010208156,0,484,
249140.47588983551,1454268.9245393593,0,485,
249151.71683155932,1454272.334909983,0,486,
249133.79734118469,1454281.6022616532,0,487,
249121.76650891732,1454275.3341146838,0,488,
249499.4334286293,1454492.8873259053,0,489,
249508.69437537622,1454503.556520395,0,490,
249515.8520108657,1454496.5526768807,0,491,
249512.00290349871,1454487.4769170191,0,492,
249591.90531014744,1454461.4154296648,0,493,
249581.98345895391,1454466.8678484336,0,494,
249586.1959255822,1454496.4370943215,0,495,
249581.16259798408,1454440.8015191685,0,496,
249599.64907989185,1454436.7024674173,0,497,
249608.8887061039,1454422.4494274985,0,498,
249616.95584770199,1454405.217022093,0,499,
249642.82406038046,1454361.9247768521,0,500,
249657.14755735919,1454485.5666977167,0,501,
249702.83095000684,1454469.4160914645,0,502,
249709.41578088421,1454460.0002132561,0,503,
249713.70534675568,1454443.3975758832,0,504,
249718.02694347035,1454423.9010908622,0,505,
249701.285587769,1454412.5728599634,0,506,
249708.2127867816,1454406.655987272,0,507,
249719.12800951954,1454388.7434060238,0,508,
249722.86656299327,1454381.1872952133,0,509,
249678.43217043485,1454312.902861217,0,510,
249668.29213640094,1454329.0413719658,0,511,
249734.83076739125,1454311.6017542966,0,512,
249751.51535138022,1454322.511498142,0,513,
249770.86398679111,1454316.4856026601,0,514,
249763.49672237877,1454331.5116750281,0,515,
249746.90510933381,1454381.3802209459,0,516,
249717.79929024912,1454397.50326344,0,517,
249773.06353131309,1454279.8969719019,0,518,
249801.28042664565,1454273.1420142334,0,519,
249782.37313437648,1454263.9331451952,0,520,
249814.89213766996,1454327.2287237551,0,521,
249787.11779626831,1454221.4650901016,0,522,
249803.47525993455,1454212.810420353,0,523,
249812.66064509749,1454186.2619953752,0,524,
249854.16825025715,1454237.4166985918,0,525,
250025.66015752219,1454157.8190226182,0,526,
249996.05191629007,1454215.6974218115,0,527,
250009.0280718049,1454085.1206384525,0,528,
250016.7544846097,1454076.3857405204,0,529,
249990.20981469471,1454074.5158572178,0,530,
249969.91459304839,1454085.7832458876,0,531,
250182.8569356082,1454114.601988703,0,532,
250178.28746202588,1454107.0371537916,0,533,
250205.13189938106,1454167.2469874024,0,534,
250234.01571779698,1454052.299945258,0,535,
250222.42119500414,1454003.8032088913,0,536,
250231.32493941765,1454009.7992843967,0,537,
250231.26335233264,1454022.2206830606,0,538,
250301.52976753097,1453976.8385771066,0,539,
250348.52943194471,1454001.9632523954,0,540,
250365.69773461949,1454013.5411076173,0,541,
250364.35675222427,1453986.3256461173,0,542,
250347.13234277442,1453958.4385070056,0,543,
250359.0127433287,1453953.948098952,0,544,
250367.51852938253,1453946.1882741731,0,545,
250385.86742024589,1453939.3487813268,0,546,
250395.07269289903,1453934.005254725,0,547,
250424.95080521423,1453920.9436223675,0,548,
250438.43113644514,1453914.4415928312,0,549,
250452.60083887167,1453908.982736,0,550,
250442.74369024951,1453900.0133189764,0,551,
250452.16949034948,1453889.6614753567,0,552,
250465.01495531108,1453888.598474374,0,553,
250480.76779432409,1453892.5740469117,0,554,
250473.10332076624,1453900.7996758856,0,555,
250488.79781881627,1453888.8511872794,0,556,
250498.32283786591,1453891.1497595832,0,557,
250497.91347871069,1453880.0370955933,0,558,
250387.30278769881,1453982.7074617967,0,559,
250394.83581083547,1453977.0990800019,0,560,
250261.47658180073,1453997.300280096,0,561,
249048.80996576976,1453586.6922036931,0,562,
249045.01880278438,1453595.5308714677,0,563,
249046.00691208988,1453602.1772712301,0,564,
249054.60050399136,1453581.6502096336,0,565,
248964.49049936794,1453783.1373664755,0,566,
248961.89427021705,1453791.5709770918,0,567,
249110.53650903795,1453828.0971457716,0,568,
249113.17533905804,1453850.3137754444,0,569,
249121.5342509551,1453846.7598635107,0,570,
249118.10308154952,1453911.5107402578,0,571,
249073.88795121387,1453977.9517558254,0,572,
249075.36083293892,1453966.596245598,0,573,
249059.35676903464,1453992.6823866349,0,574,
249043.77084890194,1454015.2303306591,0,575,
249036.05262885429,1454040.7219330892,0,576,
249015.53440198023,1454060.1090041623,0,577,
248998.75088759139,1454080.9405956473,0,578,
249009.83788731601,1454079.2369910739,0,579,
248987.92700287886,1454077.0274063125,0,580,
248973.00878881104,1454065.6913284194,0,581,
248962.27791681513,1453998.8327457793,0,582,
248974.26356578991,1454013.0442064963,0,583,
249010.51497068536,1454027.3891519383,0,584,
248993.7604662003,1454033.939626595,0,585,
249078.73289371282,1454062.3013871312,0,586,
249046.27728954609,1454074.6754909419,0,587,
249030.89252539538,1454071.0239755735,0,588,
249034.51854063664,1454086.9941775706,0,589,
249021.7167560868,1454091.0799554288,0,590,
249029.48622624483,1454100.7789357789,0,591,
249029.94426626805,1454113.2215796616,0,592,
249013.29387475085,1454111.1355867088,0,593,
249001.99945112038,1454101.5708800778,0,594,
248991.76161999349,1454110.2718843091,0,595,
249007.81371439621,1454127.4204907529,0,596,
249031.55016126484,1454137.157409586,0,597,
248999.74260269571,1454048.2485009618,0,598,
249003.90031068679,1454038.9459213763,0,599,
248993.98312576395,1454060.6266803239,0,600,
249033.23394879606,1454125.2850069162,0,601,
249085.95559077337,1454107.6643291637,0,602,
249060.18559937831,1454124.6030609049,0,603,
249056.74013137538,1454142.2202276569,0,604,
249060.67665528134,1454156.4982694462,0,605,
249040.35330734309,1454170.6898863725,0,606,
249058.98993315641,1454171.059913734,0,607,
249051.38230590429,1454192.1814769842,0,608,
249031.07633566391,1454195.5773059372,0,609,
249036.93025362026,1454203.5313583054,0,610,
249052.38253660407,1454215.0628861915,0,611,
248993.74680822343,1454187.5756550357,0,612,
248978.80719143059,1454199.5363618303,0,613,
249090.72748296615,1454202.554915728,0,614,
249096.9902290795,1454208.5505172089,0,615,
249161.79588862509,1454154.1890598498,0,616,
250421.1205740869,1453974.1847746111,0,617,
250538.18942853436,1453976.4214826059,0,618,
250558.82212028746,1453925.7308160607,0,619,
250593.3983237138,1453927.9437556677,0,620,
250570.35106064472,1453917.8804019131,0,621,
250538.86833041441,1453858.0774382297,0,622,
250517.53680301923,1453866.7841689065,0,623,
250665.14759338927,1453833.4419245478,0,624,
250683.2442187313,1453779.4845330436,0,625,
250652.07477154862,1453753.6845810097,0,626,
250695.59265922848,1453736.7823193092,0,627,
250679.13415781967,1453761.643234944,0,628,
253170.3535378594,1454406.1673580464,0,629,
252738.9967843378,1454100.3590509985,0,630,
252752.7024251828,1454112.4692088421,0,631,
252799.27808834892,1454151.7867414765,0,632,
252836.62483564951,1454197.5804262608,0,633,
252857.92576306593,1454212.5919355117,0,634,
252863.97619243711,1454222.3686268814,0,635,
252690.59426947962,1454007.9283533078,0,636,
252696.67558228225,1454030.0683444515,0,637,
252694.21806104947,1454042.3316519465,0,638,
252720.57838793658,1454044.6782234777,0,639,
252723.00260319654,1454033.9849167801,0,640,
252740.71131884959,1454033.8081606533,0,641,
252758.95293551311,1454052.0096924119,0,642,
252797.1356941713,1454060.112573199,0,643,
252796.78848634847,1454043.425363671,0,644,
252823.82559130061,1454021.8636685759,0,645,
252773.06156579591,1453986.9064687639,0,646,
252734.69390262105,1453984.1324833408,0,647,
252741.88524153177,1454013.7526217308,0,648,
252762.50963356066,1454017.5140713807,0,649,
252778.38331291731,1454022.3432268295,0,650,
252720.17338906508,1454057.5644408856,0,651,
252738.28859531507,1454063.6370840296,0,652,
252817.37041799072,1454075.1189084444,0,653,
252841.33834201284,1454092.6963484082,0,654,
253038.38987459708,1454075.422056945,0,655,
253047.63943726476,1454099.5961127076,0,656,
253179.15510404389,1454026.4409694001,0,657,
253178.73176986538,1454085.1918160673,0,658,
251834.40193056595,1453612.4605987463,0,659,
251838.42851252854,1453625.2683814857,0,660,
251870.04078031611,1453654.1458017677,0,661,
253544.15956669021,1454979.1346977036,0,662,
253523.59478597809,1454938.4813872296,0,663,
253521.02832251135,1454917.6784810387,0,664,
253509.83592035994,1454900.3634319063,0,665,
253505.88751098048,1454889.2224866282,0,666,
253504.57782086078,1454881.2849707548,0,667,
253477.31256644335,1454832.7715534605,0,668,
253494.88459440228,1454776.53595699,0,669,
253445.01337881573,1454777.4754923005,0,670,
253451.78591533098,1454772.066433819,0,671,
253443.63691314403,1454761.0512456391,0,672,
253433.22716507502,1454754.1931479834,0,673,
253436.60676908214,1454744.5774526689,0,674,
253420.43812120892,1454711.8872348834,0,675,
253410.45937927905,1454720.9924585149,0,676,
253423.38055344019,1454691.5418627094,0,677,
253406.10529101826,1454688.7998897042,0,678,
253389.57644502539,1454697.4884833675,0,679,
253392.9333527796,1454680.141703885,0,680,
253396.6540633468,1454664.878522316,0,681,
253397.85173317418,1454653.5221409686,0,682,
253406.70222659968,1454664.0694405269,0,683,
253480.80204576161,1454687.1149360612,0,684,
253553.3989750389,1454679.6530769188,0,685,
253522.27506536245,1454684.0657201856,0,686,
253357.77889396064,1454466.294677861,0,687,
253534.29359728564,1454651.4980432112,0,688,
253540.51382155064,1454608.8686035927,0,689,
253347.22156279907,1454436.7520882785,0,690,
253350.05708638765,1454449.9848532062,0,691,
253380.08459072467,1454462.931638645,0,692,
253366.29019879922,1454446.3097622599,0,693,
253374.25243067089,1454447.6204314195,0,694,
253357.65815028548,1454422.042130392,0,695,
253344.31320172083,1454409.4247874487,0,696,
253346.86016275827,1454394.3193530887,0,697,
253356.21668317821,1454391.5551626347,0,698,
253359.87172197364,1454373.0398597568,0,699,
253362.76009379048,1454380.7612729706,0,700,
253362.51631840039,1454406.6478508264,0,701,
253261.49865944777,1454417.4111359976,0,702,
253259.78208446037,1454405.9373674821,0,703,
253339.89606458507,1454344.3536417708,0,704,
253355.25746660586,1454345.0965339802,0,705,
253363.08894259576,1454362.534764694,0,706,
253338.07299132366,1454323.7472410928,0,707,
253336.96816949826,1454306.4161733259,0,708,
253336.59577262402,1454265.6800170671,0,709,
253339.94560446218,1454255.1000040993,0,710,
253303.47451509722,1454251.0755909979,0,711,
253286.64676575642,1454242.1357651725,0,712,
253300.99817759171,1454225.0574603807,0,713,
253272.82737325225,1454224.6794113386,0,714,
253337.85470963642,1454220.9233375285,0,715,
253337.88116802275,1454200.9935580846,0,716,
253355.9735745769,1454185.6581717934,0,717,
253899.26880729757,1454581.9978603609,0,718,
253883.69783257414,1454587.9209986087,0,719,
253916.00352218375,1454585.5794314239,0,720,
253904.35521763843,1454597.9619561918,0,721,
253904.8711561691,1454609.4911979996,0,722,
253905.40693849046,1454618.0240275636,0,723,
253912.19351456314,1454623.6001324654,0,724,
253943.49646889977,1454612.8097896222,0,725,
253936.81869422644,1454612.9321662281,0,726,
253925.1455559209,1454612.8832991198,0,727,
254062.52999443095,1454576.6162401959,0,728,
254074.94985223096,1454578.6734618843,0,729,
254029.76396697387,1454527.2298767902,0,730,
254038.28314594738,1454523.0549276341,0,731,
253334.4670613585,1454004.1581329852,0,732,
253342.2400459433,1453983.8648043759,0,733,
253397.52119635139,1454021.6102505531,0,734,
253825.96166501753,1453784.3335060198,0,735,
253814.86887689307,1453775.6289893519,0,736,
253813.90994789638,1453765.9547060896,0,737,
253834.42945938557,1453756.7363902926,0,738,
253819.38305582292,1453726.5903427843,0,739,
253809.13706641831,1453720.4348486364,0,740,
253784.95116633084,1453699.170575276,0,741,
253767.83779726829,1453688.1790101081,0,742,
253784.48814457096,1453680.3520480543,0,743,
253757.4592353683,1453704.402052829,0,744,
253747.6283052247,1453702.279435657,0,745,
253728.33021975309,1453688.2804212756,0,746,
253704.7657195013,1453692.870172048,0,747,
253708.66049923655,1453686.5374602899,0,748,
253697.34083486069,1453683.411298966,0,749,
253680.80434345361,1453691.6464716867,0,750,
253688.49760552496,1453662.3173550945,0,751,
253664.00884497911,1453649.988184059,0,752,
253610.90592181589,1453659.4148456082,0,753,
253669.28844249062,1453718.6409179904,0,754,
253680.57283257321,1453722.9665864073,0,755,
253635.06206017081,1453591.5115937125,0,756,
253641.2039701445,1453577.1732252035,0,757,
253690.50841251854,1453597.9691437203,0,758,
253710.81579391472,1453642.2315885201,0,759,
253701.02547519654,1453637.6160548106,0,760,
253722.19940002076,1453648.8898052815,0,761,
253744.94986271393,1453650.00990206,0,762,
253511.27323360834,1453582.41971636,0,763,
253494.15608300362,1453581.105536513,0,764,
253472.66944801435,1453569.4186491035,0,765,
253461.8479680391,1453563.4919705857,0,766,
253457.19957740232,1453563.3862237241,0,767,
253450.67961551156,1453563.1457179524,0,768,
253454.43937977776,1453553.2742331289,0,769,
253450.80044245068,1453584.460957868,0,770,
253460.66445259377,1453582.5139288772,0,771,
253446.71588864271,1453597.021587152,0,772,
253422.87968742102,1453616.519394882,0,773,
253416.11016066093,1453604.932556944,0,774,
253400.35168689676,1453604.3997882511,0,775,
253407.95861495659,1453604.1901215315,0,776,
253382.34526793007,1453606.7638180796,0,777,
253490.25104567874,1453602.8157471474,0,778,
253414.3587224558,1453587.6283160392,0,779,
253361.76854658686,1453586.3750858176,0,780,
253348.91754013393,1453590.2805337552,0,781,
253446.8355428502,1453615.5241169091,0,782,
253440.85323855095,1453627.1243895162,0,783,
253435.44598167296,1453642.9378413726,0,784,
253424.88664604723,1453663.8848058637,0,785,
253407.49269968644,1453662.0083599221,0,786,
253398.15606510639,1453670.4450791739,0,787,
253409.15420178417,1453682.9733572938,0,788,
253398.89450258203,1453696.6892064326,0,789,
253344.72055952717,1453790.3248976972,0,790,
253378.67603086308,1453817.6446143072,0,791,
253333.69677423779,1453807.907928165,0,792,
251286.19655165821,1453376.6474869754,0,793,
251322.7583669154,1453364.9715253823,0,794,
251350.30999496393,1453345.9588358644,0,795,
251407.08307726029,1453320.5918580461,0,796,
251419.86648974009,1453319.4938637428,0,797,
251440.96009658556,1453314.3666365445,0,798,
251456.07739400025,1453313.9441885017,0,799,
251789.61157120112,1453552.0836053491,0,800,
251330.73978105187,1453155.5293318871,0,801,
251347.49768899195,1453137.2826459445,0,802,
251465.37751676608,1452926.8579976633,0,803,
251477.63189889491,1452918.3617058508,0,804,
251470.93804980349,1452920.4790479895,0,805,
251265.60347138532,1452982.8174845818,0,806,
251224.86799553409,1452984.9752811417,0,807,
251307.22251295578,1452996.4170951154,0,808,
251310.22560088709,1452967.8041888364,0,809,
250588.96346482262,1452477.6154763363,0,810,
250583.77954407409,1452557.5535565969,0,811,
250527.23590089753,1452554.2814070489,0,812,
250403.68185170926,1452648.1453569047,0,813,
250393.37966793217,1452648.7306050211,0,814,
250364.68439524062,1452641.8958860729,0,815,
251192.19467873406,1452486.0348243508,0,816,
251218.78481524996,1452466.6139984969,0,817,
251507.28679570183,1452837.2890250999,0,818,
251511.18430218007,1452829.1595861875,0,819,
251528.66597667616,1452828.7877841629,0,820,
251534.67034293711,1452828.0802874975,0,821,
251533.53591076192,1452820.4143315889,0,822,
251516.29668110423,1452807.9110149778,0,823,
251515.36117454711,1452793.6486513112,0,824,
251523.41720294207,1452776.6414493117,0,825,
251538.3993555177,1452800.6118076704,0,826,
251541.51606443897,1452792.9468689356,0,827,
251548.23736004997,1452800.829753479,0,828,
251545.31392510794,1452778.1001902018,0,829,
251541.30190873519,1452768.2269756235,0,830,
251541.95408467017,1452761.9341589324,0,831,
251578.15680650529,1452785.3604266066,0,832,
251583.96013132483,1452777.9929703306,0,833,
251601.40785144456,1452779.9089761116,0,834,
251592.7648189012,1452778.9845070541,0,835,
251556.94401174597,1452819.8239284121,0,836,
251576.69110067748,1452816.6804045681,0,837,
251595.24504403677,1452808.3294764049,0,838,
251603.72352773603,1452808.7923884112,0,839,
251611.90415818617,1452807.0886163991,0,840,
251619.8735267967,1452805.5029893685,0,841,
251627.6412095679,1452803.0019708239,0,842,
251634.48613814823,1452798.3910450712,0,843,
251644.57339790743,1452796.7704689112,0,844,
251652.48863537051,1452794.9390930291,0,845,
251659.78904530499,1452792.7413044292,0,846,
251671.68706998322,1452789.7701315545,0,847,
251684.9246909488,1452783.7155635133,0,848,
251698.82005441375,1452781.215444142,0,849,
251714.13123716321,1452779.2033899352,0,850,
251721.25218911748,1452774.9291334208,0,851,
251729.99882552214,1452771.6862702519,0,852,
251739.91158926859,1452769.6960659847,0,853,
251741.20241220482,1452776.382952,0,854,
251747.4056863524,1452768.2494206596,0,855,
251760.3123012688,1452765.003868917,0,856,
251780.63311791327,1452769.3024431672,0,857,
251787.37683438882,1452774.4268702921,0,858,
251783.62320831604,1452758.8499408178,0,859,
251781.15823602676,1452746.7769056652,0,860,
251523.50719851721,1452759.8473412655,0,861,
251518.21247405186,1452744.3252180461,0,862,
251524.77982418798,1452741.8366282787,0,863,
251527.63578033261,1452727.6018497963,0,864,
251524.52584135067,1452734.6131928451,0,865,
251528.12878289726,1452703.2043238822,0,866,
251536.1102036098,1452696.5470619574,0,867,
251545.65849996451,1452693.3834528793,0,868,
251553.89570073504,1452692.6625002287,0,869,
251561.3135498073,1452689.6648541503,0,870,
251569.40135620069,1452685.5365965068,0,871,
251579.30764813069,1452685.5165924318,0,872,
251550.45702228881,1452725.2898106538,0,873,
251560.0667713983,1452724.8119296543,0,874,
251561.13108749595,1452718.2566422354,0,875,
251557.2939538639,1452733.0016036239,0,876,
251544.02837661188,1452738.2590556573,0,877,
251556.18757384364,1452740.3835211322,0,878,
251553.71961405035,1452756.0784737617,0,879,
251545.91148768924,1452754.4938748628,0,880,
251554.8110405365,1452748.2894481719,0,881,
251614.49517634511,1452769.4129166398,0,882,
251617.07943973504,1452780.4268866424,0,883,
251625.43871670775,1452780.0760594644,0,884,
251622.68895007297,1452768.3178988323,0,885,
251630.20576328784,1452768.9817446228,0,886,
251633.21708870493,1452777.9594008774,0,887,
251648.11166853085,1452767.6294913217,0,888,
251650.31572278775,1452776.0930472929,0,889,
251642.4011057429,1452761.5785090588,0,890,
251675.97438158002,1452767.0759519264,0,891,
251664.80091292597,1452763.4949026778,0,892,
251672.71669277269,1452754.5247549489,0,893,
251662.7537082145,1452755.6597792935,0,894,
251681.49756970908,1452753.3010545857,0,895,
251689.83609066159,1452755.805136513,0,896,
251697.78922093567,1452758.4745705258,0,897,
251695.88907108922,1452749.9578335043,0,898,
251702.56363939866,1452748.2610775474,0,899,
251706.01979006827,1452757.2064292859,0,900,
251709.82320707105,1452745.3197294269,0,901,
251718.83519881219,1452744.2239659354,0,902,
251720.27289721277,1452753.1684032343,0,903,
251726.02721816953,1452742.6913106963,0,904,
251727.89191158675,1452751.5890143272,0,905,
251735.58928415738,1452750.502318142,0,906,
251732.93392336648,1452739.9776124805,0,907,
251741.25614717882,1452746.0125804394,0,908,
251749.51157450769,1452743.4388370011,0,909,
251747.88726380188,1452734.5092921145,0,910,
251753.97341018077,1452730.4614960328,0,911,
251761.48412900884,1452745.4669270795,0,912,
251759.47994557302,1452735.0488757137,0,913,
251775.23802239913,1452726.6876768433,0,914,
251784.43920886703,1452737.1112886816,0,915,
251613.56523353979,1452752.0007975884,0,916,
251611.10236845165,1452744.731286671,0,917,
251603.42557236832,1452753.216883203,0,918,
251601.85268144682,1452746.7233695947,0,919,
251628.41490527708,1452747.5693663433,0,920,
251641.04416513257,1452743.0449214745,0,921,
251628.48547617067,1452734.9663546756,0,922,
251639.93502688967,1452732.1635095961,0,923,
251672.60022531264,1452735.4662208464,0,924,
251659.13655162044,1452730.9124742504,0,925,
251656.37203844637,1452720.9121994376,0,926,
251666.43019455671,1452720.5344721247,0,927,
251664.2793714609,1452711.6436792649,0,928,
251662.00998820271,1452697.7191007845,0,929,
251648.35515105538,1452706.4764103889,0,930,
251651.3567578448,1452699.7870235629,0,931,
251629.70603976026,1452713.1204696298,0,932,
251616.83561705612,1452726.7863439787,0,933,
251580.97944284696,1452714.3532792497,0,934,
251588.52008292824,1452712.3689002804,0,935,
251595.92912229616,1452694.4061204717,0,936,
251594.64893281925,1452709.2519854456,0,937,
251600.2114266064,1452703.6288787629,0,938,
251615.03469515406,1452698.964906808,0,939,
251622.6189918993,1452695.6423981749,0,940,
251629.35758147482,1452694.2176609226,0,941,
251619.66424938571,1452684.7992618084,0,942,
251625.96110077947,1452678.6509532556,0,943,
251607.02908907179,1452670.9363362063,0,944,
251600.79964723252,1452674.7267123833,0,945,
251619.24518395308,1452660.8746664394,0,946,
251635.75206958223,1452653.3054283876,0,947,
251627.78570616618,1452655.7389137596,0,948,
251643.45889412798,1452650.5865380317,0,949,
251655.13044835813,1452641.9408653267,0,950,
251664.17643225007,1452638.658435801,0,951,
251675.21341328789,1452628.7255251575,0,952,
251648.62832096685,1452678.7676787302,0,953,
251646.00713537447,1452669.1328134555,0,954,
251638.66112062708,1452674.1211571917,0,955,
251655.03968484793,1452673.1997542344,0,956,
251652.36819358729,1452664.8757517524,0,957,
251660.92732058652,1452670.1813812777,0,958,
251667.8228129046,1452667.8017602079,0,959,
251671.85455513559,1452654.4456916358,0,960,
251679.40866358113,1452649.2246385776,0,961,
251688.13606897742,1452656.8276726808,0,962,
251694.45877041295,1452652.7828626148,0,963,
251701.06846060604,1452651.4256602973,0,964,
251681.63450672664,1452660.1839186717,0,965,
251681.60611728858,1452666.5354666971,0,966,
251691.59378070757,1452642.7915250175,0,967,
251699.40128983557,1452640.902406795,0,968,
251704.40898544714,1452634.0946404263,0,969,
251710.88627660088,1452630.6168550011,0,970,
251706.84978148434,1452643.2921595927,0,971,
251711.83714402188,1452639.7889813762,0,972,
251720.06774225179,1452632.455056373,0,973,
251722.72024497855,1452640.4302550238,0,974,
251745.18312039785,1452648.1107405163,0,975,
251743.11510955263,1452628.0430571679,0,976,
251688.18677502032,1452621.9238438923,0,977,
251694.83127429429,1452617.1392090917,0,978,
251702.0106641762,1452613.423868699,0,979,
251709.53448724095,1452610.9432432894,0,980,
251715.06418420747,1452604.737078581,0,981,
251737.90011031181,1452604.1574653853,0,982,
251718.33746590745,1452624.2783538308,0,983,
251791.58957543969,1452559.0070536286,0,984,
251792.69562049676,1452572.4157943428,0,985,
251818.27651604917,1452555.8883201033,0,986,
251814.30900119152,1452562.7397588361,0,987,
251846.65098540951,1452568.7857901976,0,988,
251842.4778582165,1452558.1515824925,0,989,
251807.66258758958,1452594.3825221192,0,990,
251807.85486838687,1452583.2726087421,0,991,
251796.64461836405,1452597.1126073524,0,992,
251796.32637699414,1452610.2567366306,0,993,
251782.65148778539,1452633.3989187088,0,994,
251787.75641672872,1452644.6505348198,0,995,
251818.71455561556,1452639.8798956368,0,996,
251836.35856230836,1452617.4849252366,0,997,
251861.89853849355,1452618.3854385428,0,998,
251879.47757722065,1452607.562839197,0,999,
251822.56820511818,1452596.1694986522,0,1000,
251842.41351789143,1452593.4812933207,0,1001,
251710.3491004575,1452668.3198764212,0,1002,
251717.36303488351,1452664.1400284469,0,1003,
251715.58452476189,1452680.7060004696,0,1004,
251719.98455412965,1452675.2707059775,0,1005,
251707.67351128347,1452683.8879294302,0,1006,
251699.83688316122,1452686.8109882995,0,1007,
251694.00978217181,1452690.1582336985,0,1008,
251691.81000906508,1452682.1025088616,0,1009,
251686.48516299017,1452677.4973932281,0,1010,
251683.89141994715,1452684.8009001072,0,1011,
251725.08880844526,1452661.2658573985,0,1012,
251731.4032632364,1452659.064961873,0,1013,
251731.29501181003,1452667.9382355344,0,1014,
251764.91952210106,1452686.6819964796,0,1015,
251757.07625869382,1452679.7577806618,0,1016,
251742.66801926401,1452686.2322039101,0,1017,
251699.24194515496,1452707.5261984728,0,1018,
251712.51636449713,1452711.8275746629,0,1019,
251704.13922624383,1452714.7227699179,0,1020,
251712.99615805317,1452720.614618307,0,1021,
251697.54985611048,1452724.3752749935,0,1022,
251688.54653400276,1452716.2694960386,0,1023,
251725.17695863824,1452706.6360535976,0,1024,
251740.50509723369,1452701.8945809193,0,1025,
251733.62671730015,1452705.3565849233,0,1026,
251747.81740404572,1452700.7381705809,0,1027,
251743.60424799845,1452714.9485796019,0,1028,
251736.08035020344,1452717.0621084869,0,1029,
251752.13726293948,1452711.982126344,0,1030,
251767.97926821467,1452705.92564114,0,1031,
251752.32242786232,1452816.5568867046,0,1032,
251791.42812713329,1452832.1267019212,0,1033,
251781.08855637722,1452826.3127230369,0,1034,
251815.10446621943,1452850.7570642121,0,1035,
251827.65626984276,1452840.15902148,0,1036,
251962.07813601475,1452960.6797283385,0,1037,
251701.34663453791,1452506.8443451393,0,1038,
251695.01315607689,1452489.7351558357,0,1039,
251697.97319029178,1452478.3486631401,0,1040,
251691.18661421631,1452469.835677363,0,1041,
251682.09275505878,1452452.8380219769,0,1042,
251666.0655980818,1452487.1082292516,0,1043,
251652.0480463542,1452500.1834463999,0,1044,
251653.47679921146,1452486.3920125645,0,1045,
251630.13325191475,1452471.8683543876,0,1046,
251718.32135316078,1452390.891433835,0,1047,
251746.28357531596,1452354.0210652947,0,1048,
251755.56433815416,1452347.4050517641,0,1049,
251734.73923743237,1452341.7964706197,0,1050,
251755.48704580683,1452334.5622554049,0,1051,
251761.32515033521,1452319.236747684,0,1052,
251689.69502269104,1452361.4771203734,0,1053,
251661.97620438691,1452376.9268719368,0,1054,
251667.11267664377,1452386.6204840206,0,1055,
251680.72849607933,1452432.1567304824,0,1056,
251725.8113813838,1452362.4256535191,0,1057,
251822.44863195717,1452280.7078867555,0,1058,
251804.72246547136,1452264.2893267889,0,1059,
251689.93249113951,1452308.8206090964,0,1060,
251676.05656265002,1452288.1061445102,0,1061,
251684.10304276086,1452283.8012514804,0,1062,
251642.68121973611,1452311.144756848,0,1063,
251647.27627639752,1452327.9602981322,0,1064,
251621.38670332171,1452327.0795639325,0,1065,
251631.77982752305,1452326.6643849593,0,1066,
251614.42373572849,1452337.750504097,0,1067,
251595.54675397277,1452338.2544760127,0,1068,
251625.76023866981,1452253.5350173339,0,1069,
251620.21021674294,1452240.6227509044,0,1070,
251654.72836848348,1452180.6514772791,0,1071,
251779.17794645112,1452205.6927879713,0,1072,
251589.87438497506,1452348.0464699268,0,1073,
251572.11267457251,1452352.2986053713,0,1074,
251561.14187615365,1452361.0076318681,0,1075,
251551.00206744764,1452374.0363092907,0,1076,
251525.09242276289,1452388.4223193508,0,1077,
252278.30878846068,1453517.843537271,0,1078,
253034.27052781545,1452901.5565658361,0,1079,
253211.19860667735,1452917.3850147408,0,1080,
253187.80569001473,1452689.6271417513,0,1081,
253180.01403062046,1452700.5835549422,0,1082,
253172.85282030609,1452665.3655943815,0,1083,
253162.29486618191,1452697.5315896645,0,1084,
253150.40669533424,1452699.4414544255,0,1085,
253137.40597540513,1452702.0587286185,0,1086,
253124.61334565096,1452715.6318807676,0,1087,
253122.88158427086,1452706.1682658736,0,1088,
253122.54719470441,1452698.85510231,0,1089,
253162.111493567,1452718.3703237399,0,1090,
253098.83419023175,1452704.3054188024,0,1091,
253085.26350826304,1452710.6558854226,0,1092,
253087.33587165177,1452694.8651710078,0,1093,
253076.54607678019,1452703.1545993704,0,1094,
253071.94004555885,1452693.3127921969,0,1095,
253034.65465734433,1452684.7852764614,0,1096,
253019.36540765781,1452656.4244472105,0,1097,
253196.3979170965,1452623.9741137233,0,1098,
252993.86450388283,1452647.8791558649,0,1099,
252983.13982469402,1452649.2496355586,0,1100,
252987.59394593537,1452678.3942284267,0,1101,
252959.98282152321,1452644.163547216,0,1102,
253022.39271810837,1452566.2627769709,0,1103,
252998.27231127862,1452573.4724840838,0,1104,
252990.36942722369,1452558.6005233973,0,1105,
252651.91663637012,1452765.5368069615,0,1106,
252639.80224785022,1452758.8058991134,0,1107,
252602.28277770616,1452634.3178851865,0,1108,
252601.68318521045,1452623.50047254,0,1109,
252588.37281899899,1452633.9667560719,0,1110,
252459.21898309793,1452637.6884574275,0,1111,
252458.83435784653,1452675.2034665737,0,1112,
252420.45997071546,1452550.9566672724,0,1113,
252472.06685826834,1452500.0059547238,0,1114,
252467.65246846154,1452514.4048678651,0,1115,
252441.41741158906,1452519.3787312023,0,1116,
252421.73357510846,1452510.5545387734,0,1117,
252409.09589898307,1452525.4886879846,0,1118,
251954.1813048711,1452428.4858128484,0,1119,
251946.86590068974,1452433.185753243,0,1120,
251934.18440229353,1452424.7483823299,0,1121,
251924.67591973487,1452450.9421847221,0,1122,
251932.05538486037,1452483.3975845035,0,1123,
251905.39544575196,1452468.8691782635,0,1124,
251959.53562544566,1452440.3772943243,0,1125,
251894.43067695666,1452448.8420503102,0,1126,
251880.30983621348,1452475.8659845646,0,1127,
251861.50571160205,1452490.8739913646,0,1128,
251851.55398379173,1452499.5560403876,0,1129,
251896.54205617774,1452511.0450549219,0,1130,
251886.01065209229,1452518.621549001,0,1131,
251848.98168727662,1452517.3626338597,0,1132,
251835.48788375594,1452533.9500497654,0,1133,
251887.21675157361,1452582.7201038115,0,1134,
251869.44073114172,1452565.5499920584,0,1135,
253380.88918548729,1453556.7566725295,0,1136,
253399.50206381921,1453566.8221229929,0,1137,
253409.52717069257,1453568.7362432238,0,1138,
253438.33010482788,1453568.7262669634,0,1139,
253440.0207632333,1453547.7615635078,0,1140,
253458.76957692392,1453526.9721013047,0,1141,
253483.35997444764,1453530.4397053421,0,1142,
253489.48772123735,1453538.1834217012,0,1143,
253510.20771037042,1453562.7068036888,0,1144,
253766.26475985628,1453145.9611366969,0,1145,
253790.08992668148,1453127.1705463417,0,1146,
254177.07144370675,1453006.2257727943,0,1147,
254157.60084772948,1452990.8735668957,0,1148,
254157.57215413544,1453002.1543192212,0,1149,
254147.17375014815,1452998.3794254288,0,1150,
254135.86279002298,1452993.5375407413,0,1151,
254124.59151748102,1452985.4412745498,0,1152,
254116.77914950997,1452978.6331357006,0,1153,
254108.92815281916,1452970.558432281,0,1154,
254099.9455306856,1452956.4957999866,0,1155,
254097.84973833617,1452943.9885776583,0,1156,
254147.92264754698,1453040.220186919,0,1157,
254162.05989971664,1453037.7230457775,0,1158,
254290.11135631986,1453027.5155045874,0,1159,
254143.43854115158,1453026.621444473,0,1160,
254100.52430789266,1453002.9302678611,0,1161,
254096.85320680123,1452993.0083730165,0,1162,
254094.18713555858,1452987.6819197349,0,1163,
254081.26817254629,1452966.6373385675,0,1164,
254021.01354991272,1452933.9466403108,0,1165,
254051.98639831692,1452919.6392679457,0,1166,
254044.55821065884,1452917.615370106,0,1167,
254035.06956760399,1452926.3530834559,0,1168,
254038.47140623163,1452910.7365119606,0,1169,
254016.59793386422,1452898.3094960153,0,1170,
254030.60770754796,1452884.5597513206,0,1171,
254024.31245593913,1452860.208161626,0,1172,
254064.53208159376,1452872.9916380644,0,1173,
254090.12514789682,1452924.300335547,0,1174,
254078.49001871049,1452839.9420777187,0,1175,
254017.65664215758,1452830.7986215148,0,1176,
254003.21522916667,1452921.4101980645,0,1177,
253993.72726766113,1452915.8374702856,0,1178,
253834.37127557956,1452894.0802612379,0,1179,
253878.11882722378,1452822.7670678962,0,1180,
253854.69774690364,1452841.2217604499,0,1181,
253420.1685426021,1452954.8129078094,0,1182,
253386.627981144,1452917.1579284985,0,1183,
253379.77307146415,1452909.5992300585,0,1184,
253363.69793840311,1452895.4959904887,0,1185,
253370.20670142025,1452903.0234013777,0,1186,
253326.50652529206,1452873.0735366605,0,1187,
253943.95255183149,1452795.1456820201,0,1188,
254036.53191158269,1452783.8317197189,0,1189,
254066.6840318786,1452804.3600790538,0,1190,
254078.59030568972,1452815.1154130623,0,1191,
254095.59643345419,1452804.836330004,0,1192,
254109.92364960816,1452805.8483632803,0,1193,
254116.17756842077,1452784.9962861612,0,1194,
254125.55133150797,1452773.7879451867,0,1195,
254130.74169345666,1452766.5613223668,0,1196,
254135.78035060689,1452750.7581804805,0,1197,
254116.31334988773,1452760.2870221604,0,1198,
254108.74577659089,1452753.4544669017,0,1199,
254085.85737974569,1452769.426967252,0,1200,
254065.51610162202,1452786.3036500625,0,1201,
254042.7633567024,1452774.3775736876,0,1202,
254052.09884645976,1452763.2635906115,0,1203,
254061.15082969423,1452752.1939644814,0,1204,
254071.84594904631,1452743.0619174782,0,1205,
254088.44731937256,1452742.0070883501,0,1206,
254102.33189377282,1452732.7878656872,0,1207,
254111.4786163941,1452722.8514254335,0,1208,
254116.60514058825,1452708.4500073083,0,1209,
254103.42122010514,1452700.0741050728,0,1210,
254082.20787848439,1452692.6364231445,0,1211,
254039.70309249964,1452632.7046836596,0,1212,
254045.77398016583,1452622.4588979911,0,1213,
254061.21376052126,1452640.6421995349,0,1214,
254073.3169909576,1452644.5093467049,0,1215,
254085.85974731203,1452647.4883069787,0,1216,
254099.92852687649,1452662.5041414201,0,1217,
254104.38582113478,1452666.5117326695,0,1218,
254110.8571961103,1452672.746196622,0,1219,
254129.49346252996,1452677.440859681,0,1220,
254137.26417367253,1452690.1865247674,0,1221,
254141.69525857549,1452700.9847420622,0,1222,
254160.04337804951,1452698.5531665441,0,1223,
254156.67297227308,1452682.8724298291,0,1224,
254171.50128435344,1452711.5078809634,0,1225,
254160.69298768137,1452722.7947698515,0,1226,
254166.26861448307,1452735.8337504622,0,1227,
254159.30558170378,1452748.9128172994,0,1228,
254172.49773308914,1452673.6291925907,0,1229,
254174.95962929446,1452646.5636333767,0,1230,
254072.90836724453,1452606.9805176295,0,1231,
254027.45720116608,1452614.1576482654,0,1232,
254010.01143646799,1452610.0340352673,0,1233,
254042.59294459503,1452603.7686105389,0,1234,
254032.67184257042,1452591.1751086637,0,1235,
254016.77788609266,1452596.6910902373,0,1236,
254006.73056038283,1452582.1093199477,0,1237,
253995.40437715687,1452602.3824989963,0,1238,
254018.16078458168,1452565.7077275794,0,1239,
253982.30162353162,1452568.0040073823,0,1240,
253969.95463914238,1452559.1415463369,0,1241,
253974.48198533524,1452544.628574539,0,1242,
253961.60966501012,1452541.4098897427,0,1243,
253986.27038146835,1452527.1754101012,0,1244,
254006.60853331629,1452510.8291209359,0,1245,
253997.5151956249,1452507.9434705954,0,1246,
253987.07507022563,1452502.0012779087,0,1247,
253968.84269438032,1452496.8423847985,0,1248,
253994.9699103469,1452552.1588910427,0,1249,
254004.91804428678,1452531.4528070576,0,1250,
253968.6292524375,1452585.4433912188,0,1251,
253980.81333930325,1452584.768702371,0,1252,
253955.99166205805,1452603.7734603714,0,1253,
253877.18245495949,1452594.3929403685,0,1254,
254046.26477228943,1452529.7220297754,0,1255,
254064.53377985023,1452538.7671629321,0,1256,
254078.65004129149,1452548.9393385146,0,1257,
254089.72267170623,1452555.241143316,0,1258,
254095.39799555577,1452570.9971123263,0,1259,
253827.16043344233,1452311.6377629992,0,1260,
253835.86058434285,1452335.1667445637,0,1261,
253943.34664716758,1452331.0236730408,0,1262,
253932.20252096187,1452327.8572407681,0,1263,
253964.07442786824,1452337.7243074458,0,1264,
253981.17452734709,1452336.8577701245,0,1265,
253991.64937139302,1452337.7108749188,0,1266,
254006.24381724745,1452320.968008101,0,1267,
254025.03561864048,1452326.1042499412,0,1268,
254065.53956806753,1452316.8362671528,0,1269,
254076.08006629534,1452312.5714392234,0,1270,
254088.08532696031,1452314.6980495155,0,1271,
254039.25329993479,1452369.6752513498,0,1272,
254173.11365375388,1452275.897138508,0,1273,
254211.86617275421,1452310.0726614948,0,1274,
254201.69589910097,1452303.9435200673,0,1275,
254267.59603327699,1452286.8396621868,0,1276,
254278.07123973686,1452296.596335005,0,1277,
254400.68147070706,1452201.0162681974,0,1278,
254522.96321918629,1452693.1650587469,0,1279,
254511.89561109804,1452713.0684383195,0,1280,
254531.99931288231,1452730.5384883936,0,1281,
254520.15808794834,1452734.0018224269,0,1282,
254546.00415718742,1452700.8019552715,0,1283,
254564.27907639742,1452732.2276857998,0,1284,
254564.40622500237,1452723.1352032237,0,1285,
254563.85445679538,1452758.6950174384,0,1286,
254629.50386045594,1452768.6042014677,0,1287,
254630.6809074264,1452761.2540383525,0,1288,
254622.31516036671,1452781.1762817632,0,1289,
254612.66308579408,1452791.8746223263,0,1290,
254604.19017408695,1452784.4469408616,0,1291,
254592.96117818449,1452579.7283797935,0,1292,
254598.8860813044,1452582.5040338077,0,1293,
254654.65509009641,1452639.3305310905,0,1294,
254876.00631266832,1452163.5543206204,0,1295,
254891.0190237565,1452149.8801440708,0,1296,
254990.97468254343,1452261.0635757931,0,1297,
255806.97762742266,1452159.0220135972,0,1298,
255834.60032812878,1452119.8551683761,0,1299,
255853.19723954797,1452120.2360636871,0,1300,
255825.55156002939,1452100.8580470495,0,1301,
255868.83747993689,1452098.000541335,0,1302,
255871.5914035663,1452082.6747328471,0,1303,
254920.69018433616,1452039.4040352535,0,1304,
255085.22634710278,1451972.8995037302,0,1305,
255009.52421617135,1451977.954433186,0,1306,
254801.8788008783,1452052.5075510442,0,1307,
254684.98931186926,1451993.895056475,0,1308,
254674.00272520259,1451981.98057363,0,1309,
254588.35651834495,1452037.1799412891,0,1310,
254591.40410215128,1451902.4435217511,0,1311,
254591.19767187722,1451894.6511629503,0,1312,
254594.60953564569,1451819.171042705,0,1313,
254575.15220289025,1451927.5837454069,0,1314,
254583.364948662,1451934.2020403538,0,1315,
254576.63739199657,1451947.1045101937,0,1316,
254582.36235891376,1451959.6882840507,0,1317,
254556.21536010783,1451974.7238247041,0,1318,
254560.53774875216,1452001.0989065599,0,1319,
254570.15085319709,1451998.5447091628,0,1320,
254582.99643945228,1451985.217101356,0,1321,
254508.4411862269,1451957.5219444055,0,1322,
254469.41487476695,1451883.2424452286,0,1323,
254462.24147307873,1451897.0155052133,0,1324,
254468.60291553009,1451917.4311407544,0,1325,
254458.6068157237,1451911.7753945794,0,1326,
254366.16121416725,1452145.0589861497,0,1327,
254388.34657103661,1452164.9292342216,0,1328,
254217.00915063545,1452099.5323012825,0,1329,
254113.72175095417,1452034.0660558287,0,1330,
254445.59371092822,1451581.3819330744,0,1331,
254458.80525362026,1451599.9897710104,0,1332,
254605.05361989327,1451703.2437012102,0,1333,
254603.1754381936,1451717.5708395038,0,1334,
254586.08696415182,1451775.4336007759,0,1335,
254588.13334522117,1451786.5915416591,0,1336,
253190.25689296611,1451660.3028455526,0,1337,
253188.81058457494,1451668.4053010568,0,1338,
253160.02039910853,1451673.64109887,0,1339,
252469.89307402167,1451646.6985357516,0,1340,
252444.44114677887,1451607.0228926204,0,1341,
251554.28039885871,1452079.1450474188,0,1342,
251564.86143495422,1452090.9845135864,0,1343,
251543.88681042846,1452042.8821977433,0,1344,
251532.36256450787,1451895.886413157,0,1345,
251493.99223620724,1451931.4677569754,0,1346,
251489.58359705936,1451920.3331419174,0,1347,
251508.07451708801,1451926.0607182961,0,1348,
251481.63364761509,1451892.9500196408,0,1349,
251469.33490522765,1451870.7807481103,0,1350,
251556.32799901441,1452114.1136985645,0,1351,
251244.92010156438,1452094.2235512082,0,1352,
251246.5774646597,1452082.0374555681,0,1353,
251259.97288623545,1452082.277582597,0,1354,
251259.78503699508,1452091.1751468088,0,1355,
251447.90144031961,1451783.541232219,0,1356,
251467.70892252866,1451785.0321718995,0,1357,
251404.30823814962,1451644.3856447805,0,1358,
251394.89876990579,1451642.2614527792,0,1359,
